place_id,name,lat,lon
1,Colosseo,41.8902,12.4922
2,Pantheon,41.8986,12.4769
3,Piazza Navona,41.8992,12.4731
4,Fontana di Trevi,41.9009,12.4833
5,Piazza di Spagna,41.9057,12.4823
6,Campo de' Fiori,41.8956,12.4722
7,Trastevere,41.8894,12.4700
8,San Pietro,41.9022,12.4572
9,Prati,41.9067,12.4644
10,Termini,41.9010,12.5016
11,Monti,41.8950,12.4930
12,Aventino,41.8830,12.4800
13,Testaccio,41.8770,12.4760
14,Villa Borghese,41.9128,12.4852
15,Parioli,41.9230,12.4960
16,Flaminio,41.9230,12.4720
17,San Lorenzo,41.8970,12.5150
18,Pigneto,41.8880,12.5280
19,Garbatella,41.8610,12.4880
20,Monteverde,41.8800,12.4570
21,Centocelle,41.8790,12.5560
22,EUR,41.8340,12.4700
23,Ostia,41.7320,12.2850
